SQL> 
SQL> --Q1) WAQTD NAME OF THE EMPLOYEES WHO ARE HAVING ATLEAST 3 REPORTINGS .
SQL> 
SQL> SELECT ename
  2  FROM emp
  3  WHERE empno IN (
  4          SELECT mgr
  5          FROM emp
  6          GROUP BY mgr
  7          HAVING COUNT(*) >= 3
  8  );

ENAME                                                                                                                                                                                                                                                                                                                                                                                                                                                                                                                                                                                                                                                                                                                                                                                                                                                                                                                                                                                                                                   
----------                                                                                                                                                                                                                                                                                                                                                                                                                                                                                                                                                                                                                                                                                                                                                                                                                                                                                                                                                                                                                              
KING                                                                                                                                                                                                                                                                                                                                                                                                                                                                                                                                                                                                                                                                                                                                                                                                                                                                                                                                                                                                                                    
BLAKE                                                                                                                                                                                                                                                                                                                                                                                                                                                                                                                                                                                                                                                                                                                                                                                                                                                                                                                                                                                                                                   

SQL> 
SQL> -- Q2) WAQTD NAME OF THE DEPARTMENT IN WHICH THERE ARE ATLEAST 3 EMPLOYEES WHOS NAME HAS A CHAR 'A' IN IT .
SQL> 
SQL> SELECT d.dname
  2  FROM emp e
  3  JOIN dept d
  4  ON e.deptno = d.deptno
  5  WHERE e.ename LIKE '%A%'
  6  GROUP BY d.deptno, d.dname
  7  HAVING COUNT(*) >= 3;

DNAME                                                                                                                                                                                                                                                                                                                                                                                                                                                                                                                                                                                                                                                                                                                                                                                                                                                                                                                                                                                                                                   
--------------                                                                                                                                                                                                                                                                                                                                                                                                                                                                                                                                                                                                                                                                                                                                                                                                                                                                                                                                                                                                                          
SALES                                                                                                                                                                                                                                                                                                                                                                                                                                                                                                                                                                                                                                                                                                                                                                                                                                                                                                                                                                                                                                   

SQL> 
SQL> -- Q3) WAQTD NUMBER OF EMPLOYEES REPORTING TO KING.
SQL> 
SQL> SELECT COUNT(*) AS NUM_OF_EMPLOYEES
  2  FROM emp
  3  WHERE mgr = (
  4          SELECT empno
  5          FROM emp
  6          WHERE ename = 'KING'
  7  );

NUM_OF_EMPLOYEES                                                                                                                                                                                                                                                                                                                                                                                                                                                                                                                                                                                                                                                                                                                                                                                                                                                                                                                                                                                                                        
----------------                                                                                                                                                                                                                                                                                                                                                                                                                                                                                                                                                                                                                                                                                                                                                                                                                                                                                                                                                                                                                        
               3                                                                                                                                                                                                                                                                                                                                                                                                                                                                                                                                                                                                                                                                                                                                                                                                                                                                                                                                                                                                                        

SQL> 
SQL> -- Q4) WAQTD NAME OF THE DEPARTMENT IN WHICH SMITH'S MANAGER IS WORKING .
SQL> 
SQL> SELECT d.dname
  2  FROM emp e
  3  JOIN emp m
  4  ON e.mgr = m.empno
  5  JOIN dept d
  6  ON m.deptno = d.deptno
  7  WHERE e.ename = 'SMITH';

DNAME                                                                                                                                                                                                                                                                                                                                                                                                                                                                                                                                                                                                                                                                                                                                                                                                                                                                                                                                                                                                                                   
--------------                                                                                                                                                                                                                                                                                                                                                                                                                                                                                                                                                                                                                                                                                                                                                                                                                                                                                                                                                                                                                          
RESEARCH                                                                                                                                                                                                                                                                                                                                                                                                                                                                                                                                                                                                                                                                                                                                                                                                                                                                                                                                                                                                                                

SQL> 
SQL> -- Q5) WAQTD NUMBER OF EMPLOYEES ARE REPORTING TO BLAKES MANAGER
SQL> SELECT COUNT(*)
  2  FROM emp
  3  WHERE mgr = (
  4          SELECT mgr
  5          FROM emp
  6          WHERE ename = 'BLAKE'
  7  );

  COUNT(*)                                                                                                                                                                                                                                                                                                                                                                                                                                                                                                                                                                                                                                                                                                                                                                                                                                                                                                                                                                                                                              
----------                                                                                                                                                                                                                                                                                                                                                                                                                                                                                                                                                                                                                                                                                                                                                                                                                                                                                                                                                                                                                              
         3                                                                                                                                                                                                                                                                                                                                                                                                                                                                                                                                                                                                                                                                                                                                                                                                                                                                                                                                                                                                                              

SQL> 
SQL> -- Q6) WAQTD NAME OF THE EMPLOYEE ALONG WITH HIS MANAGER ONLY IF MANAGER WORKING IN SALES DEPARTMENT
SQL> 
SQL> SELECT e.ename AS EMPLOYEE,
  2         m.ename AS MANAGER
  3  FROM emp e
  4  JOIN emp m
  5  ON e.mgr = m.empno
  6  JOIN dept d
  7  ON m.deptno = d.deptno
  8  WHERE d.dname = 'SALES';

EMPLOYEE   MANAGER                                                                                                                                                                                                                                                                                                                                                                                                                                                                                                                                                                                                                                                                                                                                                                                                                                                                                                                                                                                                                      
---------- ----------                                                                                                                                                                                                                                                                                                                                                                                                                                                                                                                                                                                                                                                                                                                                                                                                                                                                                                                                                                                                                   
JAMES      BLAKE                                                                                                                                                                                                                                                                                                                                                                                                                                                                                                                                                                                                                                                                                                                                                                                                                                                                                                                                                                                                                        
TURNER     BLAKE                                                                                                                                                                                                                                                                                                                                                                                                                                                                                                                                                                                                                                                                                                                                                                                                                                                                                                                                                                                                                        
MARTIN     BLAKE                                                                                                                                                                                                                                                                                                                                                                                                                                                                                                                                                                                                                                                                                                                                                                                                                                                                                                                                                                                                                        
WARD       BLAKE                                                                                                                                                                                                                                                                                                                                                                                                                                                                                                                                                                                                                                                                                                                                                                                                                                                                                                                                                                                                                        
ALLEN      BLAKE                                                                                                                                                                                                                                                                                                                                                                                                                                                                                                                                                                                                                                                                                                                                                                                                                                                                                                                                                                                                                        

SQL> 
SQL> --Q7) WAQTD DNAME AND AVERAGE SALARY FOR EACH DEPARTMENT EXCLUDING DEPT 20
SQL> 
SQL> SELECT d.dname,
  2         AVG(e.sal) AS AVG_SALARY
  3  FROM emp e
  4  JOIN dept d
  5  ON e.deptno = d.deptno
  6  WHERE e.deptno <> 20
  7  GROUP BY d.dname;

DNAME          AVG_SALARY                                                                                                                                                                                                                                                                                                                                                                                                                                                                                                                                                                                                                                                                                                                                                                                                                                                                                                                                                                                                               
-------------- ----------                                                                                                                                                                                                                                                                                                                                                                                                                                                                                                                                                                                                                                                                                                                                                                                                                                                                                                                                                                                                               
ACCOUNTING     2916.66667                                                                                                                                                                                                                                                                                                                                                                                                                                                                                                                                                                                                                                                                                                                                                                                                                                                                                                                                                                                                               
SALES          1566.66667                                                                                                                                                                                                                                                                                                                                                                                                                                                                                                                                                                                                                                                                                                                                                                                                                                                                                                                                                                                                               

SQL> 
SQL> --Q8) DISPLAY NAME OF THE EMPLOYEES REPORTING TO CLERK'S MANAGER'S MANAGER .
SQL> 
SQL> SELECT e.ename
  2  FROM emp c
  3  JOIN emp m1 ON c.mgr = m1.empno
  4  JOIN emp m2 ON m1.mgr = m2.empno
  5  JOIN emp e  ON e.mgr = m2.empno
  6  WHERE c.job = 'CLERK';

ENAME                                                                                                                                                                                                                                                                                                                                                                                                                                                                                                                                                                                                                                                                                                                                                                                                                                                                                                                                                                                                                                   
----------                                                                                                                                                                                                                                                                                                                                                                                                                                                                                                                                                                                                                                                                                                                                                                                                                                                                                                                                                                                                                              
JONES                                                                                                                                                                                                                                                                                                                                                                                                                                                                                                                                                                                                                                                                                                                                                                                                                                                                                                                                                                                                                                   
JONES                                                                                                                                                                                                                                                                                                                                                                                                                                                                                                                                                                                                                                                                                                                                                                                                                                                                                                                                                                                                                                   
BLAKE                                                                                                                                                                                                                                                                                                                                                                                                                                                                                                                                                                                                                                                                                                                                                                                                                                                                                                                                                                                                                                   
BLAKE                                                                                                                                                                                                                                                                                                                                                                                                                                                                                                                                                                                                                                                                                                                                                                                                                                                                                                                                                                                                                                   
CLARK                                                                                                                                                                                                                                                                                                                                                                                                                                                                                                                                                                                                                                                                                                                                                                                                                                                                                                                                                                                                                                   
CLARK                                                                                                                                                                                                                                                                                                                                                                                                                                                                                                                                                                                                                                                                                                                                                                                                                                                                                                                                                                                                                                   
SCOTT                                                                                                                                                                                                                                                                                                                                                                                                                                                                                                                                                                                                                                                                                                                                                                                                                                                                                                                                                                                                                                   
SCOTT                                                                                                                                                                                                                                                                                                                                                                                                                                                                                                                                                                                                                                                                                                                                                                                                                                                                                                                                                                                                                                   
FORD                                                                                                                                                                                                                                                                                                                                                                                                                                                                                                                                                                                                                                                                                                                                                                                                                                                                                                                                                                                                                                    
FORD                                                                                                                                                                                                                                                                                                                                                                                                                                                                                                                                                                                                                                                                                                                                                                                                                                                                                                                                                                                                                                    

10 rows selected.

SQL> --Q9) WAQTD NAME OF EMP , HIS DNAME , HIS MANAGER NAME , HIS DNAME ONLY IF EMPLOYEES MANAGER'S MANAGER WORKS IN ACCOUNTING DEPARTMENT
SQL> 
SQL> SELECT e.ename AS EMPLOYEE,
  2         d1.dname AS EMP_DEPT,
  3         m.ename AS MANAGER,
  4         d2.dname AS MGR_DEPT
  5  FROM emp e
  6  JOIN emp m   ON e.mgr = m.empno
  7  JOIN emp mm  ON m.mgr = mm.empno
  8  JOIN dept d3 ON mm.deptno = d3.deptno
  9  JOIN dept d1 ON e.deptno = d1.deptno
 10  JOIN dept d2 ON m.deptno = d2.deptno
 11  WHERE d3.dname = 'ACCOUNTING';

EMPLOYEE   EMP_DEPT       MANAGER    MGR_DEPT                                                                                                                                                                                                                                                                                                                                                                                                                                                                                                                                                                                                                                                                                                                                                                                                                                                                                                                                                                                           
---------- -------------- ---------- --------------                                                                                                                                                                                                                                                                                                                                                                                                                                                                                                                                                                                                                                                                                                                                                                                                                                                                                                                                                                                     
MILLER     ACCOUNTING     CLARK      ACCOUNTING                                                                                                                                                                                                                                                                                                                                                                                                                                                                                                                                                                                                                                                                                                                                                                                                                                                                                                                                                                                         
FORD       RESEARCH       JONES      RESEARCH                                                                                                                                                                                                                                                                                                                                                                                                                                                                                                                                                                                                                                                                                                                                                                                                                                                                                                                                                                                           
SCOTT      RESEARCH       JONES      RESEARCH                                                                                                                                                                                                                                                                                                                                                                                                                                                                                                                                                                                                                                                                                                                                                                                                                                                                                                                                                                                           
JAMES      SALES          BLAKE      SALES                                                                                                                                                                                                                                                                                                                                                                                                                                                                                                                                                                                                                                                                                                                                                                                                                                                                                                                                                                                              
TURNER     SALES          BLAKE      SALES                                                                                                                                                                                                                                                                                                                                                                                                                                                                                                                                                                                                                                                                                                                                                                                                                                                                                                                                                                                              
MARTIN     SALES          BLAKE      SALES                                                                                                                                                                                                                                                                                                                                                                                                                                                                                                                                                                                                                                                                                                                                                                                                                                                                                                                                                                                              
WARD       SALES          BLAKE      SALES                                                                                                                                                                                                                                                                                                                                                                                                                                                                                                                                                                                                                                                                                                                                                                                                                                                                                                                                                                                              
ALLEN      SALES          BLAKE      SALES                                                                                                                                                                                                                                                                                                                                                                                                                                                                                                                                                                                                                                                                                                                                                                                                                                                                                                                                                                                              

8 rows selected.

SQL> 
SQL> --Q10) WAQTD DEPARTMENT NAME IN WHICH THERE ARE NO EMPLOYEES
SQL> 
SQL> SELECT d.dname
  2  FROM dept d
  3  WHERE d.deptno NOT IN (
  4          SELECT deptno
  5          FROM emp
  6  );

DNAME                                                                                                                                                                                                                                                                                                                                                                                                                                                                                                                                                                                                                                                                                                                                                                                                                                                                                                                                                                                                                                   
--------------                                                                                                                                                                                                                                                                                                                                                                                                                                                                                                                                                                                                                                                                                                                                                                                                                                                                                                                                                                                                                          
OPERATIONS                                                                                                                                                                                                                                                                                                                                                                                                                                                                                                                                                                                                                                                                                                                                                                                                                                                                                                                                                                                                                              

SQL> 
SQL> --Q11) WAQDT NAME OF EMPLOYEE AND HIS MANAGER WITH HIS MANAGER ALONG WITH THEIR DEPARTMENT NAMES IF EMPLOYEE GETS LESS SALARY THAN MANAGER'S MANAGER .
SQL> 
SQL> SELECT e.ename AS EMPLOYEE,
  2         d1.dname AS EMP_DEPT,
  3         m.ename AS MANAGER,
  4         d2.dname AS MGR_DEPT
  5  FROM emp e
  6  JOIN emp m   ON e.mgr = m.empno
  7  JOIN emp mm  ON m.mgr = mm.empno
  8  JOIN dept d1 ON e.deptno = d1.deptno
  9  JOIN dept d2 ON m.deptno = d2.deptno
 10  WHERE e.sal < mm.sal;

EMPLOYEE   EMP_DEPT       MANAGER    MGR_DEPT                                                                                                                                                                                                                                                                                                                                                                                                                                                                                                                                                                                                                                                                                                                                                                                                                                                                                                                                                                                           
---------- -------------- ---------- --------------                                                                                                                                                                                                                                                                                                                                                                                                                                                                                                                                                                                                                                                                                                                                                                                                                                                                                                                                                                                     
MILLER     ACCOUNTING     CLARK      ACCOUNTING                                                                                                                                                                                                                                                                                                                                                                                                                                                                                                                                                                                                                                                                                                                                                                                                                                                                                                                                                                                         
SMITH      RESEARCH       FORD       RESEARCH                                                                                                                                                                                                                                                                                                                                                                                                                                                                                                                                                                                                                                                                                                                                                                                                                                                                                                                                                                                           
ADAMS      RESEARCH       SCOTT      RESEARCH                                                                                                                                                                                                                                                                                                                                                                                                                                                                                                                                                                                                                                                                                                                                                                                                                                                                                                                                                                                           
SCOTT      RESEARCH       JONES      RESEARCH                                                                                                                                                                                                                                                                                                                                                                                                                                                                                                                                                                                                                                                                                                                                                                                                                                                                                                                                                                                           
FORD       RESEARCH       JONES      RESEARCH                                                                                                                                                                                                                                                                                                                                                                                                                                                                                                                                                                                                                                                                                                                                                                                                                                                                                                                                                                                           
ALLEN      SALES          BLAKE      SALES                                                                                                                                                                                                                                                                                                                                                                                                                                                                                                                                                                                                                                                                                                                                                                                                                                                                                                                                                                                              
WARD       SALES          BLAKE      SALES                                                                                                                                                                                                                                                                                                                                                                                                                                                                                                                                                                                                                                                                                                                                                                                                                                                                                                                                                                                              
MARTIN     SALES          BLAKE      SALES                                                                                                                                                                                                                                                                                                                                                                                                                                                                                                                                                                                                                                                                                                                                                                                                                                                                                                                                                                                              
TURNER     SALES          BLAKE      SALES                                                                                                                                                                                                                                                                                                                                                                                                                                                                                                                                                                                                                                                                                                                                                                                                                                                                                                                                                                                              
JAMES      SALES          BLAKE      SALES                                                                                                                                                                                                                                                                                                                                                                                                                                                                                                                                                                                                                                                                                                                                                                                                                                                                                                                                                                                              

10 rows selected.

SQL> 
SQL> --Q12) WAQTD NAMES OF EMPLOYEES INDIRECTLY REPORTING TO KING
SQL> 
SQL> SELECT e.ename
  2  FROM emp e
  3  JOIN emp m
  4  ON e.mgr = m.empno
  5  WHERE m.mgr = (
  6          SELECT empno
  7          FROM emp
  8          WHERE ename = 'KING'
  9  );

ENAME                                                                                                                                                                                                                                                                                                                                                                                                                                                                                                                                                                                                                                                                                                                                                                                                                                                                                                                                                                                                                                   
----------                                                                                                                                                                                                                                                                                                                                                                                                                                                                                                                                                                                                                                                                                                                                                                                                                                                                                                                                                                                                                              
ALLEN                                                                                                                                                                                                                                                                                                                                                                                                                                                                                                                                                                                                                                                                                                                                                                                                                                                                                                                                                                                                                                   
WARD                                                                                                                                                                                                                                                                                                                                                                                                                                                                                                                                                                                                                                                                                                                                                                                                                                                                                                                                                                                                                                    
MARTIN                                                                                                                                                                                                                                                                                                                                                                                                                                                                                                                                                                                                                                                                                                                                                                                                                                                                                                                                                                                                                                  
SCOTT                                                                                                                                                                                                                                                                                                                                                                                                                                                                                                                                                                                                                                                                                                                                                                                                                                                                                                                                                                                                                                   
TURNER                                                                                                                                                                                                                                                                                                                                                                                                                                                                                                                                                                                                                                                                                                                                                                                                                                                                                                                                                                                                                                  
JAMES                                                                                                                                                                                                                                                                                                                                                                                                                                                                                                                                                                                                                                                                                                                                                                                                                                                                                                                                                                                                                                   
FORD                                                                                                                                                                                                                                                                                                                                                                                                                                                                                                                                                                                                                                                                                                                                                                                                                                                                                                                                                                                                                                    
MILLER                                                                                                                                                                                                                                                                                                                                                                                                                                                                                                                                                                                                                                                                                                                                                                                                                                                                                                                                                                                                                                  

8 rows selected.

SQL> 
SQL> --Q13) WAQTD NAME OF THE EMPLOYEE GETTING 8TH MIN SALARY
SQL> 
SQL> SELECT ename
  2  FROM (
  3          SELECT ename,
  4                 DENSE_RANK() OVER (ORDER BY sal) rnk
  5          FROM emp
  6       )
  7  WHERE rnk = 8;

ENAME                                                                                                                                                                                                                                                                                                                                                                                                                                                                                                                                                                                                                                                                                                                                                                                                                                                                                                                                                                                                                                   
----------                                                                                                                                                                                                                                                                                                                                                                                                                                                                                                                                                                                                                                                                                                                                                                                                                                                                                                                                                                                                                              
CLARK                                                                                                                                                                                                                                                                                                                                                                                                                                                                                                                                                                                                                                                                                                                                                                                                                                                                                                                                                                                                                                   

SQL> 
SQL> --Q14) WAQTD NAME OF THE EMPLOYEE WHO WAS HIRED AFTER 6 EMPLOYEES
SQL> 
SQL> SELECT ename
  2  FROM (
  3          SELECT ename,
  4                 ROW_NUMBER() OVER (ORDER BY hiredate) rn
  5          FROM emp
  6       )
  7  WHERE rn = 7;

ENAME                                                                                                                                                                                                                                                                                                                                                                                                                                                                                                                                                                                                                                                                                                                                                                                                                                                                                                                                                                                                                                   
----------                                                                                                                                                                                                                                                                                                                                                                                                                                                                                                                                                                                                                                                                                                                                                                                                                                                                                                                                                                                                                              
TURNER                                                                                                                                                                                                                                                                                                                                                                                                                                                                                                                                                                                                                                                                                                                                                                                                                                                                                                                                                                                                                                  

SQL> 
SQL> --Q15) WAQTD DNAME , ENAME OF THE EMPLOYEES REPORTING TO MARTIN . ONLY IF EMPLOYEE WORKS IN ACCOUNTING OR SALES DEPT .
SQL> 
SQL> SELECT d.dname,
  2         e.ename
  3  FROM emp e
  4  JOIN dept d
  5  ON e.deptno = d.deptno
  6  WHERE e.mgr = (
  7          SELECT empno
  8          FROM emp
  9          WHERE ename = 'MARTIN'
 10  )
 11  AND d.dname IN ('ACCOUNTING','SALES');

no rows selected

SQL> spool off;
